"name","id"
"Sony","65ab566e9bac8610386dacec"
"Google","65ab5741b45a0d0a2d8ef4f3"
"AmazonBasics","65b1f0d4f8ca43154da8a4d3"
"Lenox","65bf521886308d55385605e5"
"Como Vintage","65c626a422f8c58c36b41bcb"
"Wentworth","65e4fc38f511182d2c399e3d"
"Fellini","65e4fc9af511182d2c399e3f"
"Kuhlman","65e4fcb6f511182d2c399e41"
"Marc Anthony","65e4fcc7f511182d2c399e43"
"Izod","65e4fd1ff511182d2c399e45"
"twenty-eight degrees","65e50184f511182d2c399e47"
"Chaps 78","65e501bcf511182d2c399e49"
"Mossimo Supply Co","65e50202f511182d2c399e4b"
"Hobbs Creek","65e5029af511182d2c399e4d"
"gerry's","65e50854f511182d2c399e4f"
"John Ashford","65e50864f511182d2c399e51"
"Bobby Jones","65e50874f511182d2c399e53"
"Perry Ellis Portfolio","65e50887f511182d2c399e55"
"Nicole Miller - New York","65e5089cf511182d2c399e57"
"George","65e508bcf511182d2c399e59"
"Dockers","65e508c7f511182d2c399e5b"
"Super USA","65e508d4f511182d2c399e5d"
"Lucky Brand","65e508e4f511182d2c399e5f"
"Metallica","65e508eef511182d2c399e61"
"Beautiful Giant","65e508f6f511182d2c399e63"
"Columbia Sportswear","65e50900f511182d2c399e65"
"Avirex","65e50918f511182d2c399e67"
"South Pole","65e50923f511182d2c399e69"
"Levi Strauss","65e50937f511182d2c399e6b"
"Kirkland","65e50944f511182d2c399e6d"
"Riders by Lee","65e50959f511182d2c399e6f"
"Boom Boom Jeans","65e5097af511182d2c399e71"
"White Stag","65e5098ff511182d2c399e73"
"Roaman's","65e5099ef511182d2c399e75"
"Vanity Fair","65e509abf511182d2c399e77"
"Athletic Works","65e509baf511182d2c399e79"
"Fang","65e509c4f511182d2c399e7b"
"No Boundaries","65e509d3f511182d2c399e7d"
"Apt 9","65e509e3f511182d2c399e7f"
"Apostrophe","65e509f9f511182d2c399e81"
"Aeropostale","65e50a0af511182d2c399e83"
"Victoria's Secret","65e50a1af511182d2c399e85"
"Tommy Hilfiger","65e50a2df511182d2c399e87"
"Wrangler","65e50a37f511182d2c399e89"
"Basic Editions","65e50a4bf511182d2c399e8b"
"Planet Motherhood","65e50a64f511182d2c399e8d"
"Calvin Klein","65e50a95f511182d2c399e8f"
"Mavi Jeans","65e50aa4f511182d2c399e91"
"Guess","65e50ab2f511182d2c399e93"
"Gloria Vanderbilt","65e50abff511182d2c399e95"
"Citizens of Humanity","65e50acef511182d2c399e97"
"Adiva","65e50adef511182d2c399e99"
"Seven til Midnight","65e50aeaf511182d2c399e9b"
"Green Apple","65e50af8f511182d2c399e9d"
"Forever 21","65e50b19f511182d2c399e9f"
"Xhilaration","65e50b21f511182d2c399ea1"
"Nine West","65e50b30f511182d2c399ea3"
"INC International Concepts","65e50b3bf511182d2c399ea5"
"Express","65e50b48f511182d2c399ea7"
"Free People","65e50b55f511182d2c399ea9"
"Ranahan Jeans","65e50b74f511182d2c399eab"
"Toska","65e50b83f511182d2c399ead"
"Fashion Magazine","65e50b8bf511182d2c399eaf"
"Van Heusen","65e50ba6f511182d2c399eb1"
"Blauer","65e50bb8f511182d2c399eb3"
"Old Navy","65e50becf511182d2c399eb5"
"Transformers","65e50bf8f511182d2c399eb7"
"Croft & Barrow","65e50c0bf511182d2c399eb9"
"Marilyn Monroe","65e50c16f511182d2c399ebb"
"Buffalo","65e50c2cf511182d2c399ebd"
"Soft Surroundings","65e50c4bf511182d2c399ebf"
"X2GEN","65e50c73f511182d2c399ec1"
"Nautica","65e50c8bf511182d2c399ec3"
"MLB","65e50c9df511182d2c399ec5"
"Star Wars","65e50ca4f511182d2c399ec7"
"Fruit of the Loom","65e50cc2f511182d2c399ec9"
"John Henry","65e50ccbf511182d2c399ecb"
"Thomas Pink","65e50cd7f511182d2c399ecd"
"Shaka Wear","65e50ce0f511182d2c399ecf"
"Pierre Cardin","65e50cecf511182d2c399ed1"
"Emanuel Ungaro","65e50cf8f511182d2c399ed3"
"Junk Food Clothing","65e50d0cf511182d2c399ed5"
"Sideout","65e50d18f511182d2c399ed7"
"Champion","65e50d21f511182d2c399ed9"
"Hanes","65e50d2cf511182d2c399edb"
"London Fog","65e50d35f511182d2c399edd"
"Alstyle Apparel","65e50d41f511182d2c399edf"
"Adidas","65e50d47f511182d2c399ee1"
"Neiman Marcus","65e50d6af511182d2c399ee3"
"Harry Potter","65e50d72f511182d2c399ee5"
"NFL","65e50d83f511182d2c399ee7"
"Matix","65e50d93f511182d2c399ee9"
"Divided","65e50e01f511182d2c399eed"
"Roundtree & Yorke","65e50e17f511182d2c399eef"
"Kathy Ireland","65e50e29f511182d2c399ef1"
"Jones New York","65e50e38f511182d2c399ef3"
"Nino Cerruti","65e50e42f511182d2c399ef5"
"St. John's Bay","65e50e60f511182d2c399ef7"
"Ecko Unlimited","65e50e6bf511182d2c399ef9"
"Bill Blass","65e50e85f511182d2c399efb"
"Microsoft","65e50e92f511182d2c399efd"
"Memorex","65e50e9cf511182d2c399eff"
"Nintendo","65e50eb3f511182d2c399f01"
"CR Gibson","65e50ebff511182d2c399f03"
"Aerotech Cyclewear","65e5116b46bb3506502ebc94"
"ABC Studios","65e5118046bb3506502ebc96"
"20th Century Fox","65e5118746bb3506502ebc98"
"Anne Michelle","65e5119b46bb3506502ebc9a"
"Arcoroc","65e511b246bb3506502ebc9c"
"As Seen on TV","65e511cf46bb3506502ebc9e"
"Bantam Books","65e511e346bb3506502ebca0"
"Belkin","65e511eb46bb3506502ebca2"
"Belvedere","65e511f446bb3506502ebca4"
"Black & Decker","65e5120546bb3506502ebca6"
"Bob Mackie","65e5120f46bb3506502ebca8"
"Braetan","65e5121946bb3506502ebcaa"
"BRAHMA","65e5122146bb3506502ebcac"
"Braun","65e5122946bb3506502ebcae"
"Bueno","65e5123646bb3506502ebcb0"
"Cardinal","65e5125746bb3506502ebcb2"
"Charlotte Russe","65e5126446bb3506502ebcb4"
"Columbia Tristar Pictures","65e5127a46bb3506502ebcb6"
"Conair","65e5129446bb3506502ebcb8"
"Cricket Wireless","65e512a146bb3506502ebcba"
"Dark Horse","65e512ab46bb3506502ebcbc"
"Dell","65e512cb46bb3506502ebcbe"
"Dolce Vita","65e512f246bb3506502ebcc0"
"Dr Seuss","65e512fe46bb3506502ebcc2"
"Dreamworks","65e5130a46bb3506502ebcc4"
"Emson","65e5131a46bb3506502ebcc6"
"Energizer","65e5132346bb3506502ebcc8"
"Coleman","65e5133e46bb3506502ebcca"
"Eton","65e5134746bb3506502ebccc"
"Federal Glass","65e5136746bb3506502ebcce"
"Fisher-Price","65e5137146bb3506502ebcd0"
"Foodsaver","65e5139646bb3506502ebcd2"
"Ganz","65e5139f46bb3506502ebcd4"
"Franklin","65e513b246bb3506502ebcd6"
"GE","65e513c646bb3506502ebcd8"
"Disney","65e513d846bb3506502ebcda"
"George Foreman","65e513e046bb3506502ebcdc"
"Guild","65e513fb46bb3506502ebcde"
"Hallmark","65e5140346bb3506502ebce0"
"Hasbro","65e5141f46bb3506502ebce2"
"Havaianas","65e5142b46bb3506502ebce4"
"High Sierra","65e5143c46bb3506502ebce6"
"Honeywell","65e5144246bb3506502ebce8"
"HP","65e5144e46bb3506502ebcea"
"GT","65e5147846bb3506502ebcec"
"Huawei","65e5148346bb3506502ebcee"
"i-Blason","65e5148846bb3506502ebcf0"
"Kirby","65e514a746bb3506502ebcf2"
"KoolAid","65e514ac46bb3506502ebcf4"
"LA Hearts","65e514bf46bb3506502ebcf6"
"Liz Claiborne","65e514c446bb3506502ebcf8"
"Looney Tunes","65e515a346bb3506502ebcfa"
"Madden Girl","65e515b046bb3506502ebcfc"
"Mainstays","65e515bc46bb3506502ebcfe"
"MBX","65e515c546bb3506502ebd00"
"Mikasa","65e515d046bb3506502ebd02"
"Mizuno","65e515df46bb3506502ebd04"
"Motorola","65e515e946bb3506502ebd06"
"NCAA","65e515f846bb3506502ebd08"
"Nerf","65e5160346bb3506502ebd0a"
"Mary Engelbreit","65e5164746bb3506502ebd0c"
"Mattel","65e5165546bb3506502ebd0e"
"Nike","65e5165e46bb3506502ebd10"
"Nickelodeon","65e5166646bb3506502ebd12"
"Nuby","65e5167646bb3506502ebd14"
"Ohio Art","65e5167d46bb3506502ebd16"
"Optimus","65e5168746bb3506502ebd18"
"Oneida","65e5169246bb3506502ebd1a"
"Ozark Trail","65e516a146bb3506502ebd1c"
"Panasonic","65e516aa46bb3506502ebd1e"
"Paramount","65e516ba46bb3506502ebd20"
"Petco","65e516c646bb3506502ebd22"
"PING","65e516cd46bb3506502ebd24"
"Polaroid","65e516da46bb3506502ebd26"
"Pottery Barn","65e5171a46bb3506502ebd28"
"Princess House","65e5172346bb3506502ebd2a"
"Rifle Paper Co","65e5173346bb3506502ebd2c"
"Rii","65e5173f46bb3506502ebd2e"
"Rival","65e5174646bb3506502ebd30"
"Room Essentials","65e5174d46bb3506502ebd32"
"Reef","65e5175946bb3506502ebd34"
"Serta","65e5176246bb3506502ebd36"
"Rubbermaid","65e5176d46bb3506502ebd38"
"Russ Berrie","65e5178446bb3506502ebd3a"
"Sonoma","65e517a246bb3506502ebd3c"
"Spalding","65e517ac46bb3506502ebd3e"
"Stanley","65e517b446bb3506502ebd40"
"Steve Madden","65e517c046bb3506502ebd42"
"Tahari","65e517d546bb3506502ebd44"
"Target","65e517de46bb3506502ebd46"
"Taylormade","65e517ed46bb3506502ebd48"
"Winnie the Pooh","65e5183946bb3506502ebd4a"
"Wilson","65e5184446bb3506502ebd4c"
"Winlit","65e5184c46bb3506502ebd4e"
"Warner Brothers","65e5185746bb3506502ebd50"
"VTech","65e5187346bb3506502ebd52"
"Verizon","65e5198a46bb3506502ebd56"
"VANS","65e5199546bb3506502ebd58"
"Unlisted by Kenneth Cole","65e519ae46bb3506502ebd5a"
"Universal Studios","65e519ca46bb3506502ebd5c"
"Under Armour","65e519ec46bb3506502ebd5e"
"Ty Beanie Babies","65e519fb46bb3506502ebd60"
"Towle Silversmiths","65e51a4146bb3506502ebd62"
"Tour Edge","65e51a4d46bb3506502ebd64"
"Tiger Electronics","65e51a5946bb3506502ebd66"
"Time and Tru","65e51a7246bb3506502ebd68"
"TIME","65e51a8b46bb3506502ebd6a"
"Sony Pictures","65e51aa846bb3506502ebd6c"
"Sesame Street","65e51af746bb3506502ebd70"
"RCA","65e51b0c46bb3506502ebd72"
"Route 66","65e51b1946bb3506502ebd74"
"Titleist","65e51b2446bb3506502ebd76"
"Timex","65e51b3046bb3506502ebd78"
"Nyko","65e51b3946bb3506502ebd7a"
"Predictions","65e51b4446bb3506502ebd7c"
"Pro Line","65e51b5e46bb3506502ebd7e"
"Team Beans - Detroit Tigers","65e51b7846bb3506502ebd80"
"Momentum","65e51bae46bb3506502ebd82"
"Bakers","65e51bc846bb3506502ebd84"
"Berkshire","65e560910db381d3ee1e1806"
"Carlos","65e560a50db381d3ee1e1808"
"Cougar","65e560b80db381d3ee1e180a"
"DexFlex","65e560c60db381d3ee1e180c"
"For Dummies","65e560d50db381d3ee1e180e"
"HBO","65e560ea0db381d3ee1e1810"
"HarperCollins","65e560f70db381d3ee1e1812"
"Lions Gate","65e5610a0db381d3ee1e1814"
"Miramax","65e561150db381d3ee1e1816"
"MGM","65e561220db381d3ee1e1818"
"New Era","65e5613f0db381d3ee1e181a"
"New Line","65e5614a0db381d3ee1e181c"
"Random House","65e561650db381d3ee1e181e"
"Scholastic","65e561700db381d3ee1e1820"
"Stuff at the Palms - Las Vegas","65e5618a0db381d3ee1e1822"
"Aquarius","65e6ee3fc3d74759e9e22cb7"
"Bose","65e6ee6ac3d74759e9e22cb9"
"Dimensions","65e6eed0c3d74759e9e22cbb"
"InterAct","65e6ef01c3d74759e9e22cbd"
"Intermatic","65e6ef24c3d74759e9e22cbf"
"Lillian Vernon","65e6ef51c3d74759e9e22cc1"
"Performance","65e6efa0c3d74759e9e22cc3"
"Rouge Helium","65e6efd4c3d74759e9e22cc5"
"Torino","6677507065db81115786f386"
"Sodastream","6679a3c340b72220cb7d7373"
"HGST","6686a555183b0f52326b2e24"
"Hitachi","6688f4ebbbd5b3584e108079"
"Intel","668994b6464564995c53d932"
"Micron","6689ceb77f7c12c812664de6"
"Ramaxel","6689f5644cbb6fd174846b21"
"Rodale Press","668fdd366c4b8ea3fb0338c7"
"Qubica","6696468368ec15b2a5d9e5f6"
"Commercial Electric","6696489768ec15b2a5d9e612"
"Bass","6696863d21673a85d1a63d6b"
"Great American Fun Corp","66968ad055d4c136453b3a20"
"Columbia 300","6696d971754b923a994ab8e5"
"Autophix","66970569eb6d7897e20e0ae6"
"Fable Toy Corp","66970df67a2cea4625b1ddd8"
"Epson","669711c47a2cea4625b1de26"
"Parker Brothers","6697b7f6d9e1a3efb36c5c8f"
"Toshiba","6697fd6f4bc1876743259d2d"
"Nadel & Sons Toy Corp","66986b2d055ebf0aa9d9f899"
"Route 66 Supply Line","66987b3bab955e7a8730ff15"
"LEI","66988334ab955e7a8730ff65"
"Apex","6698b6988a5221e3b86db0c4"
"Easton Press","669a022ab69717f439f3939d"
"McDonald's","669b12960a2d956b20d277a0"
"Caledonia Fur","669c08de64b90642d1c57482"
"Abercrombie & Fitch","669c9089c4ce40b9e8978096"
"Milton","669c9432c4ce40b9e89780e7"
"Pyrex","669c95f7c4ce40b9e8978112"
"Footaction","669dda13a6efcc949f63a524"
"Southpole","669df154bd5b94e5131c7422"
"Metal Mulisha","669df887bd5b94e5131c7494"
"Christian Dior","669f635b3fd792cb318e6874"
"Savada Bros","669f6db73fd792cb318e68c0"
"OshKosh B'gosh","669f713b6d02727410e6e510"
"Carter's","669f78bb6d02727410e6e545"
"Garanimals","669fbe5b26ac15ea654dc020"